Rang;Réseau;Station;Trafic;Correspondance_1;Correspondance_2;Correspondance_3;Correspondance_4;Correspondance_5;Ville;Arrondissement pour Paris;Column 12;Column 13;Column 14;Column 15
3;Métro;GARE DE LYON;36352115;1;14;A;;;Paris;12;;;;
6;Métro;REPUBLIQUE;18340798;3;5;8;9;11;Paris;11;;;;
13;Métro;PLACE D'ITALIE;11462253;5;6;7;;;Paris;13;;;;
16;Métro;FRANKLIN D. ROOSEVELT;10899310;1;9;;;;Paris;8;;;;
24;Métro;NATION;8792715;1;2;6;9;;Paris;12;;;;
27;Métro;TROCADERO;8351649;6;9;;;;Paris;16;;;;
33;Métro;AUBERVILLIERS-PANTIN-QUATRE CHEMINS;7381123;7;;;;;Aubervilliers;;;;;
42;Métro;MADELEINE;6992609;8;12;14;;;Paris;8;;;;
44;Métro;GRANDS BOULEVARDS;6889717;8;9;;;;Paris;9;;;;
40;Métro;STALINGRAD;7063687;2;5;7;;;Paris;19;;;;
49;Métro;INVALIDES;6290697;8;13;;;;Paris;7;;;;
53;Métro;JAURES;6133119;2;5;7bis;;;Paris;19;;;;
58;Métro;ODEON;5896554;4;10;;;;Paris;6;;;;
57;Métro;LA COURNEUVE-8 MAI 1945;6013067;7;;;;;La Courneuve;;;;;
78;Métro;SEVRES-BABYLONE;5178469;10;12;;;;Paris;7;;;;
75;Métro;GABRIEL PERI;5245603;13;;;;;Asnières;;;;;
84;Métro;VOLTAIRE;5036297;9;;;;;Paris;11;;;;
80;Métro;PORTE DE PANTIN;5126473;5;;;;;Paris;19;;;;
79;Métro;RICHELIEU-DROUOT;5157761;8;9;;;;Paris;9;;;;
72;Métro;REAUMUR-SEBASTOPOL;5317006;3;4;;;;Paris;3;;;;
86;Métro;BALARD;4994071;8;;;;;Paris;15;;;;
109;Métro;PORTE DE BAGNOLET;4305206;3;;;;;Paris;20;;;;
108;Métro;LE KREMLIN-BICETRE;4307422;7;;;;;Kremlin-Bicêtre;;;;;
130;Métro;BLANCHE;3829404;2;;;;;Paris;9;;;;
124;Métro;LA MUETTE;3977748;9;;;;;Paris;16;;;;
121;Métro;CHARONNE;4020524;9;;;;;Paris;12;;;;
122;Métro;CHATEAU D'EAU;4010100;4;;;;;Paris;10;;;;
115;Métro;SAINT-DENIS-PORTE DE PARIS;4179663;13;;;;;Saint Denis;;;;;
139;Métro;PORTE DE LA VILLETTE;3661072;7;;;;;Paris;19;;;;
131;Métro;PORTE DES LILAS;3803232;3bis;11;;;;Paris;20;;;;
142;Métro;TERNES;3616052;2;;;;;Paris;17;;;;
134;Métro;EGLISE DE PANTIN;3769284;5;;;;;Pantin;;;;;
151;Métro;DUROC;3509866;10;13;;;;Paris;7;;;;
145;Métro;SENTIER;3575805;3;;;;;Paris;3;;;;
159;Métro;GARIBALDI;3346731;13;;;;;Saint Ouen;;;;;
166;Métro;PERNETY;3151413;13;;;;;Paris;14;;;;
168;Métro;FAIDHERBE-CHALIGNY;3134776;8;;;;;Paris;12;;;;
175;Métro;PLACE DES FETES;3078947;7bis;11;;;;Paris;19;;;;
178;Métro;CHARENTON-ECOLES;2979524;8;;;;;Charenton;;;;;
179;Métro;ARGENTINE;2975436;1;;;;;Paris;17;;;;
172;Métro;BERAULT;3094974;1;;;;;Vincennes;;;;;
186;Métro;ROME;2870252;2;;;;;Paris;17;;;;
193;Métro;NOTRE-DAME-DE-LORETTE;2794182;12;;;;;Paris;9;;;;
198;Métro;CRETEIL-POINTE DU LAC;2729376;8;;;;;Créteil;;;;;
214;Métro;WAGRAM;2475539;3;;;;;Paris;17;;;;
217;Métro;LOURMEL;2423494;8;;;;;Paris;15;;;;
227;Métro;PORTE D'ITALIE;2316136;7;;;;;Paris;13;;;;
221;Métro;CRETEIL-L'ECHAT;2388835;8;;;;;Créteil;;;;;
231;Métro;VAVIN;2279221;4;;;;;Paris;14;;;;
239;Métro;MAISONS-ALFORT-LES JUILLIOTTES;2196535;8;;;;;Maisons -Alfort;;;;;
243;Métro;BREGUET-SABIN;2139259;5;;;;;Paris;11;;;;
252;Métro;JASMIN;2037263;9;;;;;Paris;16;;;;
258;Métro;RICHARD LENOIR;1906906;5;;;;;Paris;11;;;;
262;Métro;PHILIPPE AUGUSTE;1812544;2;;;;;Paris;11;;;;
260;Métro;MAISONS-ALFORT-STADE;1831297;8;;;;;Maisons -Alfort;;;;;
272;Métro;MONCEAU;1608558;2;;;;;Paris;17;;;;
273;Métro;SEGUR;1597696;10;;;;;Paris;15;;;;
281;Métro;VARENNE;1429509;13;;;;;Paris;7;;;;
275;Métro;PIERRE CURIE;1523465;7;;;;;Ivry;;;;;
282;Métro;MIRABEAU;1366605;10;;;;;Paris;16;;;;
292;Métro;BOTZARIS;958552;7bis;;;;;Paris;19;;;;
297;Métro;CHARDON-LAGACHE;642202;10;;;;;Paris;16;;;;
299;Métro;BOLIVAR;564032;7bis;;;;;Paris;19;;;;
302;Métro;PELLEPORT;352513;3bis;;;;;Paris;20;;;;
2;RER;GARE DE LYON-RER;37192652;A;;;;;Paris;12;;;;
7;RER;MASSY-PALAISEAU;8989578;B;;;;;Massy;;;;;
8;RER;CHARLES DE GAULLE-ETOILE-RER;8404924;A;;;;;Paris;17;;;;
22;RER;BOURG-LA-REINE;4462976;B;;;;;Bourg la Reine;;;;;
30;RER;LAPLACE;3552088;B;;;;;Arcueil;;;;;
33;RER;ARCUEIL-CACHAN;3343757;B;;;;;Arcueil;;;;;
45;RER;BRY-SUR-MARNE;2151853;A;;;;;Bry-sur-Marne;;;;;
65;RER;PARC DE SCEAUX;585494;B;;;;;Antony;;;;;
7;Métro;BIBLIOTHEQUE;17491541;14;;;;;Paris;13;;;;
15;Métro;OPERA;10981914;3;7;8;;;Paris;9;;;;
23;Métro;PLACE CLICHY;9024733;2;13;;;;Paris;17;;;;
26;Métro;CHARLES DE GAULLE-ETOILE;8381433;1;2;6;;;Paris;8;;;;
25;Métro;PORTE DE CLIGNANCOURT;8432306;4;;;;;Paris;18;;;;
202;Métro;CHATEAU ROUGE;2664077;4;;;;;Paris;18;;;;
46;Métro;PONT DE NEUILLY;6815851;1;;;;;Neuilly Sur Seine;;;;;
45;Métro;VILLEJUIF-LOUIS ARAGON;6865612;7;;;;;Villejuif;;;;;
60;Métro;GEORGE V;5891713;1;;;;;Paris;8;;;;
55;Métro;PORTE DE VERSAILLES;6080322;12;;;;;Paris;15;;;;
51;Métro;MAIRIE DE MONTROUGE;6164559;4;;;;;Montrouge;;;;;
88;Métro;GLACIERE;4966081;6;;;;;Paris;13;;;;
83;Métro;PYRAMIDES;5070872;7;14;;;;Paris;1;;;;
110;Métro;CHAMPS-ELYSEES-CLEMENCEAU;4300906;1;13;;;;Paris;8;;;;
99;Métro;PORTE DE MONTREUIL;4647724;9;;;;;Paris;20;;;;
98;Métro;MAIRIE DES LILAS;4656048;11;;;;;Les Lilas;;;;;
119;Métro;LES COURTILLES;4103831;13;;;;;Asnières sur Seine;;;;;
114;Métro;OBERKAMPF;4192585;5;9;;;;Paris;11;;;;
128;Métro;LEDRU-ROLLIN;3895615;8;;;;;Paris;12;;;;
140;Métro;VAUGIRARD;3648085;12;;;;;Paris;15;;;;
148;Métro;LES GOBELINS;3520605;7;;;;;Paris;13;;;;
157;Métro;TOLBIAC;3363265;7;;;;;Paris;13;;;;
160;Métro;PYRENEES;3335906;11;;;;;Paris;20;;;;
189;Métro;FUNICULAIRE;2850830;2;;;;;Paris;18;;;;
162;Métro;SAINT-PLACIDE;3281669;4;;;;;Paris;6;;;;
187;Métro;SAINT-MAUR;2863984;3;;;;;Paris;11;;;;
165;Métro;BOUCICAUT;3172612;8;;;;;Paris;15;;;;
146;Métro;CHEVALERET;3550425;6;;;;;Paris;13;;;;
171;Métro;MAIRIE D'IVRY;3102623;7;;;;;Ivry;;;;;
176;Métro;SIMPLON;3021317;4;;;;;Paris;18;;;;
185;Métro;SAINT-AUGUSTIN;2872445;9;;;;;Paris;8;;;;
197;Métro;JAVEL-ANDRE CITROEN;2745396;10;;;;;Paris;15;;;;
191;Métro;SAINT-AMBROISE;2820580;9;;;;;Paris;11;;;;
194;Métro;SAINT-PHILIPPE-DU-ROULE;2782782;9;;;;;Paris;8;;;;
203;Métro;COURCELLES;2663534;2;;;;;Paris;17;;;;
209;Métro;JACQUES BONSERGENT;2569940;5;;;;;Paris;10;;;;
212;Métro;VILLEJUIF-LEO LAGRANGE;2529256;7;;;;;Villejuif;;;;;
200;Métro;FRONT POPULAIRE;2672036;12;;;;;Saint Denis / Aubervilliers;;;;;
219;Métro;VOLONTAIRES;2405459;12;;;;;Paris;15;;;;
199;Métro;DUGOMMIER;2694704;6;;;;;Paris;12;;;;
216;Métro;IENA;2430271;9;;;;;Paris;16;;;;
230;Métro;VILLEJUIF-PAUL VAILLANT-COUTURIER;2297351;7;;;;;Villejuif;;;;;
238;Métro;BEL AIR;2223888;6;;;;;Paris;12;;;;
246;Métro;MICHEL-ANGE-AUTEUIL;2096180;9;10;;;;Paris;16;;;;
213;Métro;CORVISART;2495811;6;;;;;Paris;13;;;;
250;Métro;BOISSIERE;2070907;6;;;;;Paris;16;;;;
257;Métro;AVRON;1925980;2;;;;;Paris;11;;;;
259;Métro;MALAKOFF-RUE ETIENNE DOLET;1871202;13;;;;;Malakoff;;;;;
263;Métro;RASPAIL;1773665;4;6;;;;Paris;14;;;;
266;Métro;SAINT-FRANCOIS-XAVIER;1725103;13;;;;;Paris;7;;;;
268;Métro;LIEGE;1690807;13;;;;;Paris;8;;;;
270;Métro;CHATEAU-LANDON;1679432;7;;;;;Paris;10;;;;
279;Métro;PONT NEUF;1466310;7;;;;;Paris;4;;;;
277;Métro;EUROPE;1501598;3;;;;;Paris;8;;;;
285;Métro;CAMPO-FORMIO;1281234;5;;;;;Paris;13;;;;
294;Métro;SAINT-FARGEAU;742869;3bis;;;;;Paris;8;;;;
296;Métro;PORTE D'AUTEUIL;671787;10;;;;;Paris;16;;;;
298;Métro;DANUBE;618124;7bis;;;;;Paris;19;;;;
303;Métro;EGLISE D'AUTEUIL;172812;10;;;;;Paris;16;;;;
13;RER;ANTONY;6407808;B;;;;;Antony;;;;;
15;RER;AUBER;5755055;A;;;;;Paris;9;;;;
14;RER;RUEIL-MALMAISON;6183873;A;;;;;Rueil-Malmaison;;;;;
19;RER;DENFERT-ROCHEREAU-RER;5000661;B;;;;;Paris;14;;;;
27;RER;JOINVILLE-LE-PONT;3823443;A;;;;;Joinville-le-Pont;;;;;
39;RER;BOISSY-SAINT-LEGER;2482050;A;;;;;Boissy-Saint-Léger;;;;;
48;RER;ROBINSON;2007606;B;;;;;Sceaux;;;;;
53;RER;FONTENAY-AUX-ROSES;1115170;B;;;;;Fontenay aux roses;;;;;
55;RER;SAINT-REMY-LES-CHEVREUSE;974338;B;;;;;St-Rémy-Lès-Chevreuse;;;;;
2;Métro;SAINT-LAZARE;45879586;3;9;12;13;14;Paris;8;;;;
4;Métro;MONTPARNASSE-BIENVENUE;30359225;4;6;12;13;;Paris;14;;;;
8;Métro;LES HALLES;16128080;4;;;;;Paris;1;;;;
9;Métro;LA DEFENSE;15031139;1;;;;;Puteaux;;;;;
14;Métro;BELLEVILLE;11402348;2;11;;;;Paris;10;;;;
18;Métro;ESPLANADE DE LA DEFENSE;10317385;1;;;;;Puteaux;;;;;
19;Métro;STRASBOURG-SAINT-DENIS;10145616;4;8;9;;;Paris;2;;;;
21;Métro;GARE D'AUSTERLITZ;9438016;5;10;;;;Paris;13;;;;
17;Métro;BARBES-ROCHECHOUART;10856026;2;4;;;;Paris;18;;;;
34;Métro;HAVRE-CAUMARTIN;7356084;3;9;;;;Paris;9;;;;
31;Métro;BOBIGNY-PABLO PICASSO;7737626;5;;;;;Bobigny;;;;;
38;Métro;GAMBETTA;7095196;3;3bis;;;;Paris;20;;;;
39;Métro;MAIRIE DE CLICHY;7089241;13;;;;;Clichy;;;;;
50;Métro;CRIMEE;6175537;7;;;;;Paris;19;;;;
61;Métro;ANVERS;5890665;2;;;;;Paris;18;;;;
52;Métro;SAINT-PAUL;6158849;1;;;;;Paris;4;;;;
65;Métro;CONCORDE;5847907;1;8;12;;;Paris;8;;;;
54;Métro;SAINT-MANDE-TOURELLE;6099638;1;;;;;Saint Mandé;;;;;
68;Métro;PIGALLE;5589061;2;12;;;;Paris;18;;;;
66;Métro;REUILLY-DIDEROT;5765809;1;8;;;;Paris;12;;;;
85;Métro;PONT DE LEVALLOIS-BECON;5025588;3;;;;;Levallois-Perret;;;;;
81;Métro;HOCHE;5085421;5;;;;;Pantin;;;;;
90;Métro;CHARLES MICHELS;4923871;10;;;;;Paris;15;;;;
89;Métro;PASTEUR;4944020;6;12;;;;Paris;9;;;;
87;Métro;PONT DE SEVRES;4980193;9;;;;;Boulogne Billancourt;;;;;
106;Métro;ECOLE MILITAIRE;4315153;8;;;;;Paris;7;;;;
102;Métro;ROBESPIERRE;4551649;9;;;;;Montreuil;;;;;
105;Métro;JULES JOFFRIN;4344027;12;;;;;Paris;18;;;;
118;Métro;RAMBUTEAU;4139059;11;;;;;Paris;3;;;;
111;Métro;JUSSIEU;4282997;7;10;;;;Paris;5;;;;
116;Métro;PORTE DE CLICHY;4145014;13;;;;;Paris;17;;;;
117;Métro;MAIRIE DE SAINT-OUEN;4143606;13;;;;;Saint Ouen;;;;;
123;Métro;OURCQ;3985487;5;;;;;Paris;19;;;;
126;Métro;DUPLEIX;3905952;6;;;;;Paris;15;;;;
125;Métro;FORT D'AUBERVILLIERS;3928197;7;;;;;Aubervilliers;;;;;
135;Métro;BOULOGNE-JEAN JAURES;3767032;10;;;;;Boulogne Billancourt;;;;;
158;Métro;JOURDAIN;3356879;11;;;;;Paris;20;;;;
161;Métro;CADET;3289639;7;;;;;Paris;9;;;;
154;Métro;BOURSE;3410557;3;;;;;Paris;2;;;;
211;Métro;QUAI DE LA GARE;2544008;6;;;;;Paris;13;;;;
190;Métro;CORENTIN CARIOU;2833439;7;;;;;Paris;19;;;;
174;Métro;RUE DE LA POMPE;3082105;9;;;;;Paris;16;;;;
177;Métro;GAITE;3009210;13;;;;;Paris;14;;;;
169;Métro;ETIENNE MARCEL;3131944;4;;;;;Paris;1;;;;
180;Métro;PLACE MONGE;2971998;7;;;;;Paris;6;;;;
182;Métro;LAMARCK-CAULAINCOURT;2946177;12;;;;;Paris;18;;;;
167;Métro;CAMBRONNE;3140382;6;;;;;Paris;15;;;;
195;Métro;MARAICHERS;2769540;9;;;;;Paris;20;;;;
206;Métro;TUILERIES;2622025;1;;;;;Paris;1;;;;
235;Métro;CLUNY LA SORBONNE;2255703;10;;;;;Paris;5;;;;
220;Métro;RIQUET;2391609;7;;;;;Paris;19;;;;
232;Métro;ABBESSES;2276012;12;;;;;Paris;18;;;;
228;Métro;RUE DU BAC;2314720;12;;;;;Paris;7;;;;
237;Métro;TRINITE-D'ESTIENNE D'ORVES;2226802;12;;;;;Paris;9;;;;
233;Métro;SAINT-MARCEL;2260458;5;;;;;Paris;13;;;;
240;Métro;SAINT-JACQUES;2187883;6;;;;;Paris;13;;;;
251;Métro;EXELMANS;2044451;9;;;;;Paris;16;;;;
253;Métro;MICHEL BIZOT;2006980;8;;;;;Paris;12;;;;
256;Métro;PORTE D'IVRY;1929011;7;;;;;Paris;13;;;;
265;Métro;MABILLON;1738843;10;;;;;Paris;6;;;;
264;Métro;MONTGALLET;1755560;8;;;;;Paris;12;;;;
276;Métro;SULLY-MORLAND;1513782;7;;;;;Paris;4;;;;
293;Métro;FALGUIERE;884202;12;;;;;Paris;15;;;;
301;Métro;PRE-SAINT-GERVAIS;360890;7bis;;;;;Paris;19;;;;
5;RER;NANTERRE-PREFECTURE;22934672;A;;;;;Nanterre;;;;;
10;RER;SAINT-MICHEL-NOTRE-DAME;7355560;B;;;;;Paris;;;;;
16;RER;LUXEMBOURG;5499946;B;;;;;Paris;5;;;;
18;RER;MARNE-LA-VALLEE-CHESSY;5157016;A;;;;;Montévrain;;;;;
24;RER;NATION-RER;4171797;A;;;;;Paris;12;;;;
29;RER;SAINT-MAUR-CRETEIL;3564563;A;;;;;Saint-Maur des Fossés;;;;;
28;RER;NANTERRE-VILLE;3609052;A;;;;;Nanterre;;;;;
31;RER;CHAMPIGNY;3461601;A;;;;;Saint-Maur des Fossés;;;;;
41;RER;SUCY-BONNEUIL;2298313;A;;;;;Sucy-en-Brie;;;;;
47;RER;LE VESINET-LE PECQ;2122393;A;;;;;Le Vésinet;;;;;
52;RER;LE VESINET-CENTRE;1248923;A;;;;;Le Vésinet;;;;;
57;RER;PALAISEAU-VILLEBON;923579;B;;;;;Palaiseau;;;;;
66;RER;LA HACQUINIERE;451954;B;;;;;Bures sur Yvette;;;;;
1;Métro;GARE DU NORD;50872319;4;5;;;;Paris;10;;;;
5;Métro;GARE DE L'EST;20373189;4;5;7;;;Paris;10;;;;
11;Métro;BASTILLE;13225099;1;5;8;;;Paris;12;;;;
12;Métro;HOTEL DE VILLE;11764439;1;11;;;;Paris;4;;;;
20;Métro;PALAIS-ROYAL;9621986;1;7;;;;Paris;1;;;;
28;Métro;LA MOTTE-PICQUET-GRENELLE;8000496;6;8;10;;;Paris;15;;;;
36;Métro;CHATILLON-MONTROUGE;7274236;13;;;;;Chatillon;;;;;
35;Métro;MAIRIE DE MONTREUIL;7335865;9;;;;;Montreuil;;;;;
48;Métro;LA CHAPELLE;6630341;2;;;;;Paris;9;;;;
56;Métro;VILLIERS;6063343;2;3;;;;Paris;17;;;;
63;Métro;MARCEL SEMBAT;5879264;9;;;;;Boulogne Billancourt;;;;;
71;Métro;CONVENTION;5533112;12;;;;;Paris;15;;;;
69;Métro;CHATEAU DE VINCENNES;5581700;1;;;;;Vincennes;;;;;
73;Métro;DAUMESNIL;5316753;6;8;;;;Paris;12;;;;
74;Métro;PORTE DE SAINT-CLOUD;5311324;9;;;;;Paris;16;;;;
82;Métro;CRETEIL-PREFECTURE;5080418;8;;;;;Créteil;;;;;
93;Métro;BASILIQUE DE SAINT-DENIS;4857996;13;;;;;Saint Denis;;;;;
103;Métro;PEREIRE;4547754;3;;;;;Paris;17;;;;
101;Métro;GUY MOQUET;4587665;13;;;;;Paris;17;;;;
107;Métro;LAUMIERE;4311908;5;;;;;Paris;19;;;;
104;Métro;MENILMONTANT;4348973;2;;;;;Paris;11;;;;
113;Métro;SAINT-GERMAIN DES PRES;4195883;4;;;;;Paris;6;;;;
112;Métro;MAIRIE D'ISSY;4279661;12;;;;;Issy Les Moulineaux;;;;;
120;Métro;ALMA-MARCEAU;4070093;9;;;;;Paris;8;;;;
133;Métro;ANATOLE FRANCE;3794787;3;;;;;Levallois-Perret;;;;;
138;Métro;MALAKOFF-PLATEAU DE VANVES;3667554;13;;;;;Malakoff;;;;;
141;Métro;MARX DORMOY;3645866;12;;;;;Paris;18;;;;
137;Métro;ALEXANDRE DUMAS;3685441;2;;;;;Paris;11;;;;
147;Métro;POISSONNIERE;3528982;7;;;;;Paris;10;;;;
150;Métro;PORTE DE CHAMPERRET;3512664;3;;;;;Paris;17;;;;
156;Métro;ECOLE VETERINAIRE DE MAISONS-ALFORT;3367371;8;;;;;Maisons -Alfort;;;;;
163;Métro;BOULOGNE-PONT DE SAINT-CLOUD;3202618;10;;;;;Boulogne Billancourt;;;;;
181;Métro;COURONNES;2965420;2;;;;;Paris;11;;;;
201;Métro;CARREFOUR PLEYEL;2669794;13;;;;;Saint Denis;;;;;
183;Métro;COMMERCE;2885201;8;;;;;Paris;15;;;;
204;Métro;NATIONALE;2641580;6;;;;;Paris;13;;;;
205;Métro;MALESHERBES;2626600;3;;;;;Paris;17;;;;
210;Métro;RUE DES BOULETS;2561884;9;;;;;Paris;11;;;;
164;Métro;PARMENTIER;3201707;3;;;;;Paris;11;;;;
215;Métro;SAINT-SULPICE;2432844;4;;;;;Paris;6;;;;
222;Métro;RANELAGH;2380218;9;;;;;Paris;16;;;;
225;Métro;SEVRES-LECOURBE;2341763;6;;;;;Paris;15;;;;
241;Métro;EDGAR QUINET;2178463;6;;;;;Paris;14;;;;
244;Métro;LA TOUR-MAUBOURG;2110789;8;;;;;Paris;7;;;;
223;Métro;LOUVRE;2366043;1;;;;;Paris;1;;;;
248;Métro;MAISON BLANCHE;2085927;7;;;;;Paris;13;;;;
255;Métro;QUATRE-SEPTEMBRE;1929562;3;;;;;Paris;2;;;;
261;Métro;FELIX FAURE;1814488;8;;;;;Paris;15;;;;
269;Métro;SAINT-SEBASTIEN-FROISSART;1688254;8;;;;;Paris;3;;;;
267;Métro;FILLES DU CALVAIRE;1710231;8;;;;;Paris;3;;;;
271;Métro;CARDINAL LEMOINE;1642759;10;;;;;Paris;5;;;;
278;Métro;AVENUE EMILE ZOLA;1466777;10;;;;;Paris;15;;;;
286;Métro;TEMPLE;1270793;3;;;;;Paris;2;;;;
289;Métro;SAINT-GEORGES;1233216;12;;;;;Paris;9;;;;
288;Métro;QUAI DE LA RAPEE;1239904;5;;;;;Paris;12;;;;
295;Métro;ASSEMBLEE NATIONALE;739282;12;;;;;Paris;7;;;;
1;RER;GARE DU NORD-RER;47738502;B;;;;;Paris;10;;;;
3;RER;LA DEFENSE-RER;31115228;A;;;;;Puteaux;;;;;
6;RER;VAL DE FONTENAY;12969924;A;;;;;Fontenay-sous-Bois;;;;;
11;RER;CITE UNIVERSITAIRE;6911244;B;;;;;Paris;14;;;;
20;RER;NOISY-CHAMPS;4868790;A;;;;;Champs-sur-Marne;;;;;
23;RER;SAINT-GERMAIN-EN-LAYE;4454977;A;;;;;Saint-Germain-en-Laye;;;;;
25;RER;TORCY;4141694;A;;;;;Torcy;;;;;
26;RER;VAL D'EUROPE;4094800;A;;;;;Serris;;;;;
32;RER;PORT ROYAL;3384237;B;;;;;Paris;5;;;;
34;RER;LA CROIX DE BERNY;3158806;B;;;;;Antony;;;;;
35;RER;BUSSY-SAINT-GEORGES;2987714;A;;;;;Bussy-Saint-Georges;;;;;
36;RER;NOGENT-SUR-MARNE;2704755;A;;;;;Nogent-sur-Marne;;;;;
37;RER;NOISIEL;2681812;A;;;;;Noisiel;;;;;
38;RER;FONTENAY-SOUS-BOIS;2554932;A;;;;;Fontenay-sous-Bois;;;;;
40;RER;ORSAY-VILLE;2431429;B;;;;;Orsay;;;;;
43;RER;BAGNEUX;2198203;B;;;;;Cachan;;;;;
42;RER;CHATOU-CROISSY;2209283;A;;;;;Chatou;;;;;
44;RER;GENTILLY;2165738;B;;;;;Gentilly;;;;;
49;RER;LA VARENNE-CHENNEVIERES;1860491;A;;;;;saint-Maur des Fossés;;;;;
50;RER;LES BACONNETS;1806210;B;;;;;Antony;;;;;
58;RER;LOZERE;816797;B;;;;;Palaiseau;;;;;
59;RER;GIF-SUR-YVETTE;766786;B;;;;;Gif sur Yvette;;;;;
60;RER;BURES-SUR-YVETTE;714901;B;;;;;Bures sur Yvette;;;;;
61;RER;FONTAINE-MICHALON;708085;B;;;;;Antony;;;;;
63;RER;MASSY-VERRIERES;611015;B;;;;;Massy;;;;;
10;Métro;CHATELET;13466536;1;4;7;11;14;Paris;1;;;;
22;Métro;PORTE MAILLOT;9083545;1;;;;;Paris;16;;;;
30;Métro;BIR-HAKEIM;7932555;6;;;;;Paris;15;;;;
32;Métro;SAINT-MICHEL;7562865;4;;;;;Paris;5;;;;
43;Métro;CHAUSSEE D'ANTIN-LA FAYETTE;6945565;7;9;;;;Paris;9;;;;
37;Métro;OLYMPIADES;7103304;14;;;;;Paris;13;;;;
47;Métro;PORTE D'ORLEANS;6643601;4;;;;;Paris;14;;;;
41;Métro;PORTE DE VINCENNES;7058223;1;;;;;Paris;12;;;;
29;Métro;MARCADET-POISSONNIERS;7963672;4;12;;;;Paris;18;;;;
62;Métro;GALLIENI;5884810;3;;;;;Bagnolet;;;;;
59;Métro;MIROMESNIL;5895561;9;13;;;;Paris;8;;;;
67;Métro;LES SABLONS;5740806;1;;;;;Neuilly Sur Seine;;;;;
64;Métro;COUR SAINT-EMILION;5859214;14;;;;;Paris;12;;;;
70;Métro;BERCY;5544847;6;14;;;;Paris;12;;;;
77;Métro;ALESIA;5207485;4;;;;;Paris;14;;;;
76;Métro;CROIX DE CHAVAUX;5215902;9;;;;;Montreuil;;;;;
92;Métro;SAINT-DENIS-UNIVERSITE;4875315;13;;;;;Saint Denis;;;;;
91;Métro;PLAISANCE;4903776;13;;;;;Paris;14;;;;
94;Métro;PERE LACHAISE;4808099;2;3;;;;Paris;20;;;;
95;Métro;BONNE NOUVELLE;4786149;8;9;;;;Paris;10;;;;
96;Métro;COLONEL FABIEN;4706560;2;;;;;Paris;10;;;;
100;Métro;PORTE DE VANVES;4619691;13;;;;;Paris;14;;;;
97;Métro;DENFERT-ROCHEREAU;4701323;4;6;;;;Paris;14;;;;
127;Métro;ARTS ET METIERS;3899198;3;11;;;;Paris;3;;;;
129;Métro;PASSY;3835814;6;;;;;Paris;16;;;;
132;Métro;VICTOR HUGO;3802054;2;;;;;Paris;16;;;;
136;Métro;PORTE DE SAINT-OUEN;3725695;13;;;;;Paris;17;;;;
144;Métro;LOUISE MICHEL;3577070;3;;;;;Levallois-Perret;;;;;
149;Métro;CENSIER-DAUBENTON;3519746;7;;;;;Paris;6;;;;
143;Métro;CRETEIL-UNIVERSITE;3598231;8;;;;;Créteil;;;;;
153;Métro;GONCOURT;3415341;11;;;;;Paris;11;;;;
152;Métro;CORENTIN CELTON;3486870;12;;;;;Issy Les Moulineaux;;;;;
155;Métro;BROCHANT;3383369;13;;;;;Paris;17;;;;
173;Métro;PORTE DE CHOISY;3094950;7;;;;;Paris;13;;;;
188;Métro;PORTE DE LA CHAPELLE;2853699;12;;;;;Paris;18;;;;
170;Métro;BILLANCOURT;3105469;9;;;;;Boulogne Billancourt;;;;;
184;Métro;PORTE DAUPHINE;2879755;2;;;;;Paris;16;;;;
192;Métro;LA FOURCHE;2817908;13;;;;;Paris;8;;;;
196;Métro;PORTE DOREE;2760380;8;;;;;Paris;12;;;;
208;Métro;LIBERTE;2574219;8;;;;;Charenton;;;;;
207;Métro;BOBIGNY-PANTIN-RAYMOND QUENEAU;2579124;5;;;;;Pantin;;;;;
218;Métro;LOUIS BLANC;2419456;7;7bis;;;;Paris;10;;;;
234;Métro;MAUBERT-MUTUALITE;2260212;10;;;;;Paris;5;;;;
224;Métro;TELEGRAPHE;2342747;11;;;;;Paris;20;;;;
236;Métro;SOLFERINO;2243672;12;;;;;Paris;7;;;;
226;Métro;LES AGNETTES;2323166;13;;;;;Asnières sur Seine;;;;;
229;Métro;LE PELETIER;2304258;7;;;;;Paris;9;;;;
245;Métro;CITE;2109969;4;;;;;Paris;4;;;;
247;Métro;MICHEL-ANGE-MOLITOR;2093279;9;10;;;;Paris;16;;;;
242;Métro;PORTE DE CHARENTON;2151353;8;;;;;Paris;12;;;;
249;Métro;NOTRE-DAME-DES-CHAMPS;2074698;12;;;;;Paris;6;;;;
254;Métro;BUZENVAL;1963737;9;;;;;Paris;20;;;;
284;Métro;MOUTON-DUVERNET;1300317;4;;;;;Paris;14;;;;
274;Métro;PONT MARIE;1558885;7;;;;;Paris;4;;;;
280;Métro;CHEMIN VERT;1445627;8;;;;;Paris;11;;;;
283;Métro;PICPUS;1313242;6;;;;;Paris;12;;;;
287;Métro;KLEBER;1249446;6;;;;;Paris;16;;;;
290;Métro;RENNES;1218261;12;;;;;Paris;6;;;;
291;Métro;VANEAU;980057;10;;;;;Paris;7;;;;
300;Métro;BUTTES-CHAUMONT;521634;7bis;;;;;Paris;19;;;;
4;RER;CHATELET-LES HALLES-RER;26356131;A;B;;;;Paris;1;;;;
9;RER;NOISY-LE-GRAND-MONT D'EST;7862183;A;;;;;Noisy-le-Grand;;;;;
12;RER;VINCENNES;6718268;A;;;;;Vincennes;;;;;
17;RER;NEUILLY-PLAISANCE;5390454;A;;;;;Neuilly-sur-Seine;;;;;
21;RER;NANTERRE-UNIVERSITE;4501642;A;;;;;Nanterre;;;;;
46;RER;LE PARC DE SAINT-MAUR;2125885;A;;;;;Saint-Maur des Fossés;;;;;
51;RER;LOGNES;1600341;A;;;;;Lognes;;;;;
54;RER;PALAISEAU;1028405;B;;;;;Palaiseau;;;;;
56;RER;LE GUICHET;923888;B;;;;;Orsay;;;;;
62;RER;SCEAUX;706968;B;;;;;sceaux;;;;;
64;RER;COURCELLE-SUR-YVETTE;610753;B;;;;;Gif sur Yvette;;;;;
